{
  "run_name": "ts_lr_3e4",
  "best_val_loss": 1.7619840145111083,
  "max_iters": 5000,
  "tokens_seen": 81920000,
  "elapsed_sec": 255.17404281999916
}