{
  "run_name": "ts_ablate_postnorm_lr1e3_5k",
  "best_val_loss": 1.555266797542572,
  "max_iters": 5000,
  "tokens_seen": 81920000,
  "elapsed_sec": 251.35307781596202
}