{
  "samples": 10,
  "seed": 0,
  "tinystories_total_docs": 27630,
  "owt_total_docs": 59059,
  "compression_ratio_ts": 4.24816086316822,
  "compression_ratio_owt": 4.681803542673108,
  "compression_ratio_owt_with_ts": 3.2608793180798563,
  "throughput": {
    "bytes": 33856914,
    "tokens": 7772146,
    "seconds": 29.990225707995705,
    "bytes_per_sec": 1128931.6169092185
  },
  "pile_seconds_est": 784668.4347677663,
  "pile_days_est": 9.081810587589887,
  "tokenize_datasets": false
}