{
  "bytes": 22502601,
  "seconds": 2.4689602439757437,
  "bytes_per_sec": 9114201.435566362,
  "MB_per_sec": 8.691979823652613
}