{
  "run_name": "ts_lr_1e3",
  "best_val_loss": 1.5592819511890412,
  "max_iters": 5000,
  "tokens_seen": 81920000,
  "elapsed_sec": 255.64942568400875
}